{"train/box_loss": 1.38194, "train/cls_loss": 1.20958, "train/dfl_loss": 1.36451, "_timestamp": 1721919332.145629, "lr/pg0": 0.00039605, "lr/pg1": 0.00039605, "lr/pg2": 0.00039605, "metrics/precision(B)": 0.74707, "metrics/recall(B)": 0.75676, "metrics/mAP50(B)": 0.79313, "metrics/mAP50-95(B)": 0.41148, "val/box_loss": 1.6456, "val/cls_loss": 1.18068, "val/dfl_loss": 1.64278, "labels": {"_type": "image-file", "sha256": "79f9f3269d9600e5f9d4199492ab539fdbaa4ec87b8e0f4c9f1a2d94dccd8960", "size": 234123, "path": "media/images/labels_1_79f9f3269d9600e5f9d4.jpg", "format": "jpg", "width": 1600, "height": 1600}, "train_batch0": {"_type": "image-file", "sha256": "a12ac005770e624c324170d24f3a111e95c33cb0662ea0e1ad323da96a6296b5", "size": 724647, "path": "media/images/train_batch0_1_a12ac005770e624c3241.jpg", "format": "jpg", "width": 1920, "height": 1920}, "train_batch1": {"_type": "image-file", "sha256": "b433499d43dd675a6489be2588f771314be4cdefc732e4df6e81cd77b75bedc5", "size": 640219, "path": "media/images/train_batch1_1_b433499d43dd675a6489.jpg", "format": "jpg", "width": 1920, "height": 1920}, "train_batch2": {"_type": "image-file", "sha256": "b82fe57491ea456de2368aa70e6f2e065c0071d8b9fa4f9058d40a68bb4444b0", "size": 637851, "path": "media/images/train_batch2_1_b82fe57491ea456de236.jpg", "format": "jpg", "width": 1920, "height": 1920}, "model/parameters": 3013968, "model/GFLOPs": 8.21, "model/speed_PyTorch(ms)": 8.039, "_runtime": 32.349522829055786, "_step": 22, "_wandb": {"runtime": 31}}